<?xml version="1.0" encoding="UTF-8"?>
<AuditFile xmlns="urn:OECD:StandardAuditFile-Tax:AO_1.01_01" xmlns:xsi="http://www.w3.org/2001/XMLSchema-instance" xsi:schemaLocation="urn:OECD:StandardAuditFile-Tax:AO_1.01_01 SAFTAO1.01_01.xsd">
    <Header>
        <AuditFileVersion>1.01_01</AuditFileVersion>
        <CompanyID>123345567BA746</CompanyID>
        <TaxRegistrationNumber>123345567BA746</TaxRegistrationNumber>
        <TaxAccountingBasis>F</TaxAccountingBasis>
        <CompanyName>PATSOFT DEVELOPPER CONSULTURING</CompanyName>
        <BusinessName>PATSOFT DEVELOPPER CONSULTURING</BusinessName>
        <CompanyAddress>
            <AddressDetail>Bairro-Vila de Viiana</AddressDetail>
            <City></City>
            <Country>AO</Country>
        </CompanyAddress>
        <FiscalYear>2020</FiscalYear>
        <StartDate>2020-10-01</StartDate>
        <EndDate>2020-11-01</EndDate>
        <CurrencyCode>AOA</CurrencyCode>
        <DateCreated>2020-11-02</DateCreated>
        <TaxEntity>Global</TaxEntity>
        <ProductCompanyTaxID> 5000467766</ProductCompanyTaxID>
        <SoftwareValidationNumber>32/AGT/2019</SoftwareValidationNumber>
        <ProductID>Mutue Negócios/RAMOS SOFTWARE E FABRICA DE SOFTWARE</ProductID>
        <ProductVersion>1.0</ProductVersion>
        <Telephone>921504961</Telephone>
        <Email>brunoneto256@gmail.com</Email>
    </Header>
    <MasterFiles>
        <Customer>
            <CustomerID>3</CustomerID>
            <AccountID>Desconhecido</AccountID>
            <CustomerTaxID>Consumidor final</CustomerTaxID>
            <CompanyName>PATSOFT DEVELOPPER CONSULTURING</CompanyName>
            <BillingAddress>
                <AddressDetail>Av. Deolinda Rodrigues, 123</AddressDetail>
                <City>Luanda</City>
                <PostalCode>*</PostalCode>
                <Country>AO</Country>
            </BillingAddress>
            <SelfBillingIndicator>0</SelfBillingIndicator>
        </Customer>
        <Customer>
            <CustomerID>4</CustomerID>
            <AccountID>Desconhecido</AccountID>
            <CustomerTaxID>Consumidor final</CustomerTaxID>
            <CompanyName>PATSOFT DEVELOPPER CONSULTURING</CompanyName>
            <BillingAddress>
                <AddressDetail>Av. Deolinda Rodrigues, 123</AddressDetail>
                <City>Luanda</City>
                <PostalCode>*</PostalCode>
                <Country>AO</Country>
            </BillingAddress>
            <SelfBillingIndicator>0</SelfBillingIndicator>
        </Customer>
        <Customer>
            <CustomerID>5</CustomerID>
            <AccountID>Desconhecido</AccountID>
            <CustomerTaxID>Consumidor final</CustomerTaxID>
            <CompanyName>PATSOFT DEVELOPPER CONSULTURING</CompanyName>
            <BillingAddress>
                <AddressDetail>Av. Deolinda Rodrigues, 123</AddressDetail>
                <City>Luanda</City>
                <PostalCode>*</PostalCode>
                <Country>AO</Country>
            </BillingAddress>
            <SelfBillingIndicator>0</SelfBillingIndicator>
        </Customer>
        <Customer>
            <CustomerID>7</CustomerID>
            <AccountID>Desconhecido</AccountID>
            <CustomerTaxID>Consumidor final</CustomerTaxID>
            <CompanyName>PATSOFT DEVELOPPER CONSULTURING</CompanyName>
            <BillingAddress>
                <AddressDetail>Av. Deolinda Rodrigues, 123</AddressDetail>
                <City>Luanda</City>
                <PostalCode>*</PostalCode>
                <Country>AO</Country>
            </BillingAddress>
            <SelfBillingIndicator>0</SelfBillingIndicator>
        </Customer>
        <Product>
            <ProductType>P</ProductType>
            <ProductCode>28</ProductCode>
            <ProductDescription>LICENCA ANUAL CONTSYS 1PC 1</ProductDescription>
            <ProductNumberCode>28</ProductNumberCode>
        </Product>
        <Product>
            <ProductType>P</ProductType>
            <ProductCode>31</ProductCode>
            <ProductDescription>LICENCA ANUAL - GSCHOOL</ProductDescription>
            <ProductNumberCode>31</ProductNumberCode>
        </Product>
        <Product>
            <ProductType>P</ProductType>
            <ProductCode>40</ProductCode>
            <ProductDescription>fdfdfd</ProductDescription>
            <ProductNumberCode>40</ProductNumberCode>
        </Product>
        <Product>
            <ProductType>P</ProductType>
            <ProductCode>44</ProductCode>
            <ProductDescription>Copia Clorido</ProductDescription>
            <ProductNumberCode>44</ProductNumberCode>
        </Product>
        <Product>
            <ProductType>P</ProductType>
            <ProductCode>46</ProductCode>
            <ProductDescription>Plastificação de bilhete</ProductDescription>
            <ProductNumberCode>46</ProductNumberCode>
        </Product>
        <Product>
            <ProductType>P</ProductType>
            <ProductCode>49</ProductCode>
            <ProductDescription>GGGGGGGGGGGGGGGGG</ProductDescription>
            <ProductNumberCode>49</ProductNumberCode>
        </Product>
        <TaxTable>
            <TaxTableEntry>
                <TaxType>IVA</TaxType>
                <TaxCountryRegion>AO</TaxCountryRegion>
                <TaxCode>NOR</TaxCode>
                <Description>Taxa Normal</Description>
                <TaxPercentage>14</TaxPercentage>
            </TaxTableEntry>
            <TaxTableEntry>
                <TaxType>NS</TaxType>
                <TaxCountryRegion>AO</TaxCountryRegion>
                <TaxCode>ISE</TaxCode>
                <Description>Isenta</Description>
                <TaxPercentage>0</TaxPercentage>
            </TaxTableEntry>
            <TaxTableEntry>
                <TaxType>NS</TaxType>
                <TaxCountryRegion>AO</TaxCountryRegion>
                <TaxCode>ISE</TaxCode>
                <Description>Isenta</Description>
                <TaxPercentage>0</TaxPercentage>
            </TaxTableEntry>
            <TaxTableEntry>
                <TaxType>NS</TaxType>
                <TaxCountryRegion>AO</TaxCountryRegion>
                <TaxCode>ISE</TaxCode>
                <Description>Isenta</Description>
                <TaxPercentage>0</TaxPercentage>
            </TaxTableEntry>
            <TaxTableEntry>
                <TaxType>NS</TaxType>
                <TaxCountryRegion>AO</TaxCountryRegion>
                <TaxCode>ISE</TaxCode>
                <Description>Isenta</Description>
                <TaxPercentage>0</TaxPercentage>
            </TaxTableEntry>
            <TaxTableEntry>
                <TaxType>NS</TaxType>
                <TaxCountryRegion>AO</TaxCountryRegion>
                <TaxCode>ISE</TaxCode>
                <Description>Isenta</Description>
                <TaxPercentage>0</TaxPercentage>
            </TaxTableEntry>
        </TaxTable>
    </MasterFiles>
    <SourceDocuments>
        <SalesInvoices>
            <NumberOfEntries>12</NumberOfEntries>
            <TotalDebit>0.00</TotalDebit>
            <TotalCredit>0.00</TotalCredit>
            <Invoice>
                <InvoiceNo>FT PAT2020/2</InvoiceNo>
                <DocumentStatus>
                    <InvoiceStatus>A</InvoiceStatus>
                    <InvoiceStatusDate>2019-05-03T09:21:27</InvoiceStatusDate>
                    <SourceID></SourceID>
                    <SourceBilling>P</SourceBilling>
                </DocumentStatus>
                <Hash>VCPgQrhaBIR5XaUIblqsJem49LSka6FjMCDX7GmArjct0HM3h8qWM7JTKUyrCpMlpNFrM6B3ZjHhS1uhsGxBTPKTfdJGyKwf2A2D2MENJlDNdUoJSzT/+Ml6L3U0F6kiLm8dTW7lKwYXAWa1z2OVcv0bURPgKOri8hoWri3Pmu8=</Hash>
                <HashControl>1</HashControl>
                <Period>11</Period>
                <InvoiceDate>2020-11-02</InvoiceDate>
                <InvoiceType>FT</InvoiceType>
                <SpecialRegimes>
                    <SelfBillingIndicator>0</SelfBillingIndicator>
                    <CashVATSchemeIndicator>0</CashVATSchemeIndicator>
                    <ThirdPartiesBillingIndicator>0</ThirdPartiesBillingIndicator>
                </SpecialRegimes>
                <SourceID></SourceID>
                <SystemEntryDate>2020-11-02T19:24:37</SystemEntryDate>
                <CustomerID>12</CustomerID>
                <Line>
                    <LineNumber>1</LineNumber>
                    <ProductCode>PR LJ5P</ProductCode>
                    <ProductDescription>Impressora Laser Jet 5P</ProductDescription>
                    <Quantity>1</Quantity>
                    <UnitOfMeasure>Unid</UnitOfMeasure>
                    <UnitPrice>482.59</UnitPrice>
                    <TaxPointDate>2007-01-24</TaxPointDate>
                    <Description>bom</Description>
                    <CreditAmount>0.00</CreditAmount>
                    <Tax>
                        <TaxType>IVA</TaxType>
                        <TaxCountryRegion>AO</TaxCountryRegion>
                        <TaxCode>26</TaxCode>
                        <TaxPercentage>14</TaxPercentage>
                    </Tax>
                    <TaxExemptionReason>a) Isento Artigo 12.º</TaxExemptionReason>
                    <TaxExemptionCode>M10</TaxExemptionCode>
                    <SettlementAmount>0</SettlementAmount>
                </Line>
                <DocumentTotals>
                    <TaxPayable>0.00</TaxPayable>
                    <NetTotal>200.000.00</NetTotal>
                    <GrossTotal>741.23</GrossTotal>
                    <Payment>
                        <PaymentMechanism>OU</PaymentMechanism>
                        <PaymentAmount>200.000.00</PaymentAmount>
                        <PaymentDate>2020-07-08</PaymentDate>
                    </Payment>
                </DocumentTotals>
            </Invoice>
            <Invoice>
                <InvoiceNo>FT PAT2020/3</InvoiceNo>
                <DocumentStatus>
                    <InvoiceStatus>A</InvoiceStatus>
                    <InvoiceStatusDate>2019-05-03T09:21:27</InvoiceStatusDate>
                    <SourceID></SourceID>
                    <SourceBilling>P</SourceBilling>
                </DocumentStatus>
                <Hash>oQAKqhmMGAB5xAmoZviKW6QBjliJ2Das2pXRDoCl7HD4RC5uSFw/io/1uTnmP3c/c1D6W8leep0rNSdCRzXu03J5HP/wxPLUTuz/DBevbG9nEFQqs/G9zTOD4LUr6THsuuTgE84yW48KoqfmY+KfRCnWcBxwjys700BLa1Tn7uw=</Hash>
                <HashControl>1</HashControl>
                <Period>11</Period>
                <InvoiceDate>2020-11-02</InvoiceDate>
                <InvoiceType>FT</InvoiceType>
                <SpecialRegimes>
                    <SelfBillingIndicator>0</SelfBillingIndicator>
                    <CashVATSchemeIndicator>0</CashVATSchemeIndicator>
                    <ThirdPartiesBillingIndicator>0</ThirdPartiesBillingIndicator>
                </SpecialRegimes>
                <SourceID></SourceID>
                <SystemEntryDate>2020-11-02T19:24:37</SystemEntryDate>
                <CustomerID>20</CustomerID>
                <Line>
                    <LineNumber>1</LineNumber>
                    <ProductCode>PR LJ5P</ProductCode>
                    <ProductDescription>Impressora Laser Jet 5P</ProductDescription>
                    <Quantity>1</Quantity>
                    <UnitOfMeasure>Unid</UnitOfMeasure>
                    <UnitPrice>482.59</UnitPrice>
                    <TaxPointDate>2007-01-24</TaxPointDate>
                    <Description>bom</Description>
                    <CreditAmount>0.00</CreditAmount>
                    <Tax>
                        <TaxType>IVA</TaxType>
                        <TaxCountryRegion>AO</TaxCountryRegion>
                        <TaxCode>26</TaxCode>
                        <TaxPercentage>14</TaxPercentage>
                    </Tax>
                    <TaxExemptionReason>a) Isento Artigo 12.º</TaxExemptionReason>
                    <TaxExemptionCode>M10</TaxExemptionCode>
                    <SettlementAmount>0</SettlementAmount>
                </Line>
                <DocumentTotals>
                    <TaxPayable>0.00</TaxPayable>
                    <NetTotal>200.000.00</NetTotal>
                    <GrossTotal>741.23</GrossTotal>
                    <Payment>
                        <PaymentMechanism>OU</PaymentMechanism>
                        <PaymentAmount>200.000.00</PaymentAmount>
                        <PaymentDate>2020-07-08</PaymentDate>
                    </Payment>
                </DocumentTotals>
            </Invoice>
            <Invoice>
                <InvoiceNo>FT PAT2020/4</InvoiceNo>
                <DocumentStatus>
                    <InvoiceStatus>A</InvoiceStatus>
                    <InvoiceStatusDate>2019-05-03T09:21:27</InvoiceStatusDate>
                    <SourceID></SourceID>
                    <SourceBilling>P</SourceBilling>
                </DocumentStatus>
                <Hash>UZGClVtbk0eBh+Jr9e7ktcHkLU20Un+JPZLhGcywwloyVMmKwXqwtykgqQ3H4BNHskYX1SihTHnk1SqIyECSOaq4xDmhbxAVoopKcRI4GiVM3HQ+ADjFdxvCMnuTLS0E7g8VErwit+G02qJdAO93tfASTY2T10ejTtg3njtkYKE=</Hash>
                <HashControl>1</HashControl>
                <Period>11</Period>
                <InvoiceDate>2020-11-02</InvoiceDate>
                <InvoiceType>FT</InvoiceType>
                <SpecialRegimes>
                    <SelfBillingIndicator>0</SelfBillingIndicator>
                    <CashVATSchemeIndicator>0</CashVATSchemeIndicator>
                    <ThirdPartiesBillingIndicator>0</ThirdPartiesBillingIndicator>
                </SpecialRegimes>
                <SourceID></SourceID>
                <SystemEntryDate>2020-11-02T19:24:37</SystemEntryDate>
                <CustomerID>3</CustomerID>
                <Line>
                    <LineNumber>1</LineNumber>
                    <ProductCode>PR LJ5P</ProductCode>
                    <ProductDescription>Impressora Laser Jet 5P</ProductDescription>
                    <Quantity>1</Quantity>
                    <UnitOfMeasure>Unid</UnitOfMeasure>
                    <UnitPrice>482.59</UnitPrice>
                    <TaxPointDate>2007-01-24</TaxPointDate>
                    <Description>bom</Description>
                    <CreditAmount>0.00</CreditAmount>
                    <Tax>
                        <TaxType>IVA</TaxType>
                        <TaxCountryRegion>AO</TaxCountryRegion>
                        <TaxCode>26</TaxCode>
                        <TaxPercentage>14</TaxPercentage>
                    </Tax>
                    <TaxExemptionReason>a) Isento Artigo 12.º</TaxExemptionReason>
                    <TaxExemptionCode>M10</TaxExemptionCode>
                    <SettlementAmount>0</SettlementAmount>
                </Line>
                <DocumentTotals>
                    <TaxPayable>0.00</TaxPayable>
                    <NetTotal>200.000.00</NetTotal>
                    <GrossTotal>741.23</GrossTotal>
                    <Payment>
                        <PaymentMechanism>OU</PaymentMechanism>
                        <PaymentAmount>200.000.00</PaymentAmount>
                        <PaymentDate>2020-07-08</PaymentDate>
                    </Payment>
                </DocumentTotals>
            </Invoice>
            <Invoice>
                <InvoiceNo>FT PAT2020/5</InvoiceNo>
                <DocumentStatus>
                    <InvoiceStatus>A</InvoiceStatus>
                    <InvoiceStatusDate>2019-05-03T09:21:27</InvoiceStatusDate>
                    <SourceID></SourceID>
                    <SourceBilling>P</SourceBilling>
                </DocumentStatus>
                <Hash>K/7xHcLHGD5k0lXxVvTxRJ8rvAoGpvJjbt9iPJAsv3/25ksuo5CdvNdrjErby9B6L9CyU2bzcvukne3aBuqAMlKt4J1ydWUqYCNzJCZZj9gHmbWYmGsbJP39iLL36WgerboiNVoRJFt7sX+k79nmWLbgmlR6xlobtls995wstdI=</Hash>
                <HashControl>1</HashControl>
                <Period>11</Period>
                <InvoiceDate>2020-11-02</InvoiceDate>
                <InvoiceType>FT</InvoiceType>
                <SpecialRegimes>
                    <SelfBillingIndicator>0</SelfBillingIndicator>
                    <CashVATSchemeIndicator>0</CashVATSchemeIndicator>
                    <ThirdPartiesBillingIndicator>0</ThirdPartiesBillingIndicator>
                </SpecialRegimes>
                <SourceID></SourceID>
                <SystemEntryDate>2020-11-02T19:24:37</SystemEntryDate>
                <CustomerID>3</CustomerID>
                <Line>
                    <LineNumber>1</LineNumber>
                    <ProductCode>PR LJ5P</ProductCode>
                    <ProductDescription>Impressora Laser Jet 5P</ProductDescription>
                    <Quantity>1</Quantity>
                    <UnitOfMeasure>Unid</UnitOfMeasure>
                    <UnitPrice>482.59</UnitPrice>
                    <TaxPointDate>2007-01-24</TaxPointDate>
                    <Description>bom</Description>
                    <CreditAmount>0.00</CreditAmount>
                    <Tax>
                        <TaxType>IVA</TaxType>
                        <TaxCountryRegion>AO</TaxCountryRegion>
                        <TaxCode>26</TaxCode>
                        <TaxPercentage>14</TaxPercentage>
                    </Tax>
                    <TaxExemptionReason>a) Isento Artigo 12.º</TaxExemptionReason>
                    <TaxExemptionCode>M10</TaxExemptionCode>
                    <SettlementAmount>0</SettlementAmount>
                </Line>
                <DocumentTotals>
                    <TaxPayable>21.000.00</TaxPayable>
                    <NetTotal>150.000.00</NetTotal>
                    <GrossTotal>741.23</GrossTotal>
                    <Payment>
                        <PaymentMechanism>OU</PaymentMechanism>
                        <PaymentAmount>171.000.00</PaymentAmount>
                        <PaymentDate>2020-07-08</PaymentDate>
                    </Payment>
                </DocumentTotals>
            </Invoice>
            <Invoice>
                <InvoiceNo>FT PAT2020/6</InvoiceNo>
                <DocumentStatus>
                    <InvoiceStatus>A</InvoiceStatus>
                    <InvoiceStatusDate>2019-05-03T09:21:27</InvoiceStatusDate>
                    <SourceID></SourceID>
                    <SourceBilling>P</SourceBilling>
                </DocumentStatus>
                <Hash>j+9a535Zc+ujLz19cc6Q5PbdZjcJC6Mrgf+cfHvadmkxZyG0IOc89AGlGZew4TpFXmBs+SA1EHIwC94xG+ibzmMW9z+fVnvIYiQxZgif8xre4Jw2kVx9LOnsvWRF2ipfSe9A6n51OyQP/Hkx2QlBcuEhQWm0TOB5pCaG5pK/tlA=</Hash>
                <HashControl>1</HashControl>
                <Period>11</Period>
                <InvoiceDate>2020-11-02</InvoiceDate>
                <InvoiceType>FT</InvoiceType>
                <SpecialRegimes>
                    <SelfBillingIndicator>0</SelfBillingIndicator>
                    <CashVATSchemeIndicator>0</CashVATSchemeIndicator>
                    <ThirdPartiesBillingIndicator>0</ThirdPartiesBillingIndicator>
                </SpecialRegimes>
                <SourceID></SourceID>
                <SystemEntryDate>2020-11-02T19:24:37</SystemEntryDate>
                <CustomerID>3</CustomerID>
                <Line>
                    <LineNumber>1</LineNumber>
                    <ProductCode>PR LJ5P</ProductCode>
                    <ProductDescription>Impressora Laser Jet 5P</ProductDescription>
                    <Quantity>1</Quantity>
                    <UnitOfMeasure>Unid</UnitOfMeasure>
                    <UnitPrice>482.59</UnitPrice>
                    <TaxPointDate>2007-01-24</TaxPointDate>
                    <Description>bom</Description>
                    <CreditAmount>0.00</CreditAmount>
                    <Tax>
                        <TaxType>IVA</TaxType>
                        <TaxCountryRegion>AO</TaxCountryRegion>
                        <TaxCode>26</TaxCode>
                        <TaxPercentage>14</TaxPercentage>
                    </Tax>
                    <TaxExemptionReason>a) Isento Artigo 12.º</TaxExemptionReason>
                    <TaxExemptionCode>M10</TaxExemptionCode>
                    <SettlementAmount>0</SettlementAmount>
                </Line>
                <DocumentTotals>
                    <TaxPayable>0.00</TaxPayable>
                    <NetTotal>124.676.00</NetTotal>
                    <GrossTotal>741.23</GrossTotal>
                    <Payment>
                        <PaymentMechanism>OU</PaymentMechanism>
                        <PaymentAmount>124.676.00</PaymentAmount>
                        <PaymentDate>2020-07-08</PaymentDate>
                    </Payment>
                </DocumentTotals>
            </Invoice>
            <Invoice>
                <InvoiceNo>FT PAT2020/7</InvoiceNo>
                <DocumentStatus>
                    <InvoiceStatus>A</InvoiceStatus>
                    <InvoiceStatusDate>2019-05-03T09:21:27</InvoiceStatusDate>
                    <SourceID></SourceID>
                    <SourceBilling>P</SourceBilling>
                </DocumentStatus>
                <Hash>aY4kkXA+XpAh174Q8LxpVzqu8K0+57flaG3GDgbDzS/P4fsWTq97jrHnZ7Yuc1+jxD7+sMMZ9nlkEtNKe++Nx2/TEl7gwJZjuU0hdmlmcx5gip6gkw5HerfLEYyVokkSg+4cwF+xAR3MonjUBnQzC91flwGnBmL4qfXndNnUefQ=</Hash>
                <HashControl>1</HashControl>
                <Period>11</Period>
                <InvoiceDate>2020-11-02</InvoiceDate>
                <InvoiceType>FT</InvoiceType>
                <SpecialRegimes>
                    <SelfBillingIndicator>0</SelfBillingIndicator>
                    <CashVATSchemeIndicator>0</CashVATSchemeIndicator>
                    <ThirdPartiesBillingIndicator>0</ThirdPartiesBillingIndicator>
                </SpecialRegimes>
                <SourceID></SourceID>
                <SystemEntryDate>2020-11-02T19:24:37</SystemEntryDate>
                <CustomerID>3</CustomerID>
                <Line>
                    <LineNumber>1</LineNumber>
                    <ProductCode>PR LJ5P</ProductCode>
                    <ProductDescription>Impressora Laser Jet 5P</ProductDescription>
                    <Quantity>1</Quantity>
                    <UnitOfMeasure>Unid</UnitOfMeasure>
                    <UnitPrice>482.59</UnitPrice>
                    <TaxPointDate>2007-01-24</TaxPointDate>
                    <Description>bom</Description>
                    <CreditAmount>0.00</CreditAmount>
                    <Tax>
                        <TaxType>IVA</TaxType>
                        <TaxCountryRegion>AO</TaxCountryRegion>
                        <TaxCode>26</TaxCode>
                        <TaxPercentage>14</TaxPercentage>
                    </Tax>
                    <TaxExemptionReason>a) Isento Artigo 12.º</TaxExemptionReason>
                    <TaxExemptionCode>M10</TaxExemptionCode>
                    <SettlementAmount>0</SettlementAmount>
                </Line>
                <DocumentTotals>
                    <TaxPayable>21.000.00</TaxPayable>
                    <NetTotal>150.000.00</NetTotal>
                    <GrossTotal>741.23</GrossTotal>
                    <Payment>
                        <PaymentMechanism>OU</PaymentMechanism>
                        <PaymentAmount>171.000.00</PaymentAmount>
                        <PaymentDate>2020-07-08</PaymentDate>
                    </Payment>
                </DocumentTotals>
            </Invoice>
            <Invoice>
                <InvoiceNo>FR PAT2020/1</InvoiceNo>
                <DocumentStatus>
                    <InvoiceStatus>N</InvoiceStatus>
                    <InvoiceStatusDate>2019-05-03T09:21:27</InvoiceStatusDate>
                    <SourceID></SourceID>
                    <SourceBilling>P</SourceBilling>
                </DocumentStatus>
                <Hash>fjqEiKuEZuIKnX4uw6cWIEckWVYH9JTmdn9sv6pcRW1UwFl+hXR2IyJ35PwXvyez49GcPuDVTQELE2qKvMLSvxn960/u7LTKOqGO4ewYmUBQULpc7P9zlUcdorJdmWFkbGzo5uACVWIvROMP7VlrARafUrUMFv0LxwAzNZsmKeQ=</Hash>
                <HashControl>1</HashControl>
                <Period>06</Period>
                <InvoiceDate>2020-06-29</InvoiceDate>
                <InvoiceType>FR</InvoiceType>
                <SpecialRegimes>
                    <SelfBillingIndicator>0</SelfBillingIndicator>
                    <CashVATSchemeIndicator>0</CashVATSchemeIndicator>
                    <ThirdPartiesBillingIndicator>0</ThirdPartiesBillingIndicator>
                </SpecialRegimes>
                <SourceID></SourceID>
                <SystemEntryDate>2020-06-29T16:29:13</SystemEntryDate>
                <CustomerID>3</CustomerID>
                <Line>
                    <LineNumber>1</LineNumber>
                    <ProductCode>PR LJ5P</ProductCode>
                    <ProductDescription>Impressora Laser Jet 5P</ProductDescription>
                    <Quantity>1</Quantity>
                    <UnitOfMeasure>Unid</UnitOfMeasure>
                    <UnitPrice>482.59</UnitPrice>
                    <TaxPointDate>2007-01-24</TaxPointDate>
                    <Description>bom</Description>
                    <CreditAmount>0.00</CreditAmount>
                    <Tax>
                        <TaxType>IVA</TaxType>
                        <TaxCountryRegion>AO</TaxCountryRegion>
                        <TaxCode>26</TaxCode>
                        <TaxPercentage>14</TaxPercentage>
                    </Tax>
                    <TaxExemptionReason>a) Isento Artigo 12.º</TaxExemptionReason>
                    <TaxExemptionCode>M10</TaxExemptionCode>
                    <SettlementAmount>0</SettlementAmount>
                </Line>
                <DocumentTotals>
                    <TaxPayable>21.014.00</TaxPayable>
                    <NetTotal>150.100.00</NetTotal>
                    <GrossTotal>741.23</GrossTotal>
                    <Payment>
                        <PaymentMechanism>CD</PaymentMechanism>
                        <PaymentAmount>171.114.00</PaymentAmount>
                        <PaymentDate>2020-07-08</PaymentDate>
                    </Payment>
                </DocumentTotals>
            </Invoice>
            <Invoice>
                <InvoiceNo>FT PAT2020/8</InvoiceNo>
                <DocumentStatus>
                    <InvoiceStatus>A</InvoiceStatus>
                    <InvoiceStatusDate>2019-05-03T09:21:27</InvoiceStatusDate>
                    <SourceID></SourceID>
                    <SourceBilling>P</SourceBilling>
                </DocumentStatus>
                <Hash>CvxfnjjB45TDCsDMcd2slps3Z1JJIbz21YtNZzOkNsw/4LgAawKLeCVtLBnmLlyMsH67HffqOaaaAbF6/4aApss1FUbs2us/JGiKHGxJJVn58apqius8x9K+cn8YAnVo+7HlxuNjr9WzCfj5LV7gj57sXq+keuJdCH4KJT2Zc54=</Hash>
                <HashControl>1</HashControl>
                <Period>11</Period>
                <InvoiceDate>2020-11-02</InvoiceDate>
                <InvoiceType>FT</InvoiceType>
                <SpecialRegimes>
                    <SelfBillingIndicator>0</SelfBillingIndicator>
                    <CashVATSchemeIndicator>0</CashVATSchemeIndicator>
                    <ThirdPartiesBillingIndicator>0</ThirdPartiesBillingIndicator>
                </SpecialRegimes>
                <SourceID></SourceID>
                <SystemEntryDate>2020-11-02T19:24:37</SystemEntryDate>
                <CustomerID>3</CustomerID>
                <Line>
                    <LineNumber>1</LineNumber>
                    <ProductCode>PR LJ5P</ProductCode>
                    <ProductDescription>Impressora Laser Jet 5P</ProductDescription>
                    <Quantity>1</Quantity>
                    <UnitOfMeasure>Unid</UnitOfMeasure>
                    <UnitPrice>482.59</UnitPrice>
                    <TaxPointDate>2007-01-24</TaxPointDate>
                    <Description>bom</Description>
                    <CreditAmount>0.00</CreditAmount>
                    <Tax>
                        <TaxType>IVA</TaxType>
                        <TaxCountryRegion>AO</TaxCountryRegion>
                        <TaxCode>26</TaxCode>
                        <TaxPercentage>14</TaxPercentage>
                    </Tax>
                    <TaxExemptionReason>a) Isento Artigo 12.º</TaxExemptionReason>
                    <TaxExemptionCode>M10</TaxExemptionCode>
                    <SettlementAmount>0</SettlementAmount>
                </Line>
                <DocumentTotals>
                    <TaxPayable>0.00</TaxPayable>
                    <NetTotal>200.000.00</NetTotal>
                    <GrossTotal>741.23</GrossTotal>
                    <Payment>
                        <PaymentMechanism>OU</PaymentMechanism>
                        <PaymentAmount>200.000.00</PaymentAmount>
                        <PaymentDate>2020-07-08</PaymentDate>
                    </Payment>
                </DocumentTotals>
            </Invoice>
        </SalesInvoices>
        <MovementOfGoods>
            <NumberOfMovementLines>0</NumberOfMovementLines>
            <TotalQuantityIssued>0.00</TotalQuantityIssued>
        </MovementOfGoods>
        <WorkingDocuments>
            <NumberOfEntries>0</NumberOfEntries>
            <TotalDebit>0.00</TotalDebit>
            <TotalCredit>0.00</TotalCredit>
            <WorkDocument>
                <DocumentNumber>2NFa 1</DocumentNumber>
                <DocumentStatus>
                    <WorkStatus>N</WorkStatus>
                    <WorkStatusDate>2019-05-03T09:21:27</WorkStatusDate>
                    <Reason></Reason>
                    <SourceID>1</SourceID>
                    <SourceBilling>P</SourceBilling>
                </DocumentStatus>
                <Hash>J9NYlNNLMU0c/JeH5fCLhtjSsq3sdc5xmzd4QILjw3MN8UGHLyOoslGFmhK0fO1nbLengUbnPecBOETcG6r6FPb2jp2HXoyDtmsXFTCPsndN7gTLvr93/l4jBF4J8MDXqnH+ZBaoGsIPNB7GB6lAs4nrC8nmSXEl7Koxu9rIT4E=</Hash>
                <HashControl>1</HashControl>
                <Period>5</Period>
                <WorkDate>2007-01-24</WorkDate>
                <WorkType>Factura</WorkType>
                <SourceID>Operador Demostração</SourceID>
                <SystemEntryDate>2007-01-24T15:37:50</SystemEntryDate>
                <TransactionID></TransactionID>
                <CustomerID>123456789</CustomerID>
                <Line>
                    <LineNumber>1</LineNumber>
                    <ProductCode>PR LJ5P</ProductCode>
                    <ProductDescription>Impressora Laser Jet 5P</ProductDescription>
                    <Quantity>1</Quantity>
                    <UnitOfMeasure>Unid</UnitOfMeasure>
                    <UnitPrice>482.59</UnitPrice>
                    <TaxPointDate>2007-01-24</TaxPointDate>
                    <Description>bom</Description>
                    <CreditAmount>0.00</CreditAmount>
                    <Tax>
                        <TaxType>IVA</TaxType>
                        <TaxCountryRegion>AO</TaxCountryRegion>
                        <TaxCode>26</TaxCode>
                        <TaxPercentage>14</TaxPercentage>
                    </Tax>
                    <SettlementAmount>0</SettlementAmount>
                </Line>
                <DocumentTotals>
                    <TaxPayable>128.64</TaxPayable>
                    <NetTotal>612.59</NetTotal>
                    <GrossTotal>741.23</GrossTotal>
                </DocumentTotals>
            </WorkDocument>
        </WorkingDocuments>
        <Payments>
            <NumberOfEntries>0</NumberOfEntries>
            <TotalDebit>0.00</TotalDebit>
            <TotalCredit>0.00</TotalCredit>
            <Payment>
                <PaymentRefNo>t</PaymentRefNo>
                <Period>1</Period>
                <TransactionDate>2004-03-28</TransactionDate>
                <PaymentType>RC</PaymentType>
                <Description>Recibo</Description>
                <SystemID>2</SystemID>
                <DocumentStatus>
                    <PaymentStatus>N</PaymentStatus>
                    <PaymentStatusDate>2019-05-03</PaymentStatusDate>
                    <SourceID>1</SourceID>
                    <SourcePayment>P</SourcePayment>
                </DocumentStatus>
                <PaymentMethod>
                    <PaymentMechanism>CC</PaymentMechanism>
                    <PaymentAmount>5883330.2349058</PaymentAmount>
                    <PaymentDate>1989-03-11</PaymentDate>
                </PaymentMethod>
                <SourceID>string</SourceID>
                <SystemEntryDate>1990-09-27T22:39:50.06</SystemEntryDate>
                <CustomerID>string</CustomerID>
                <Line>
                    <LineNumber>3467</LineNumber>
                    <SourceDocumentID>
                        <OriginatingON>string</OriginatingON>
                        <InvoiceDate>2005-04-01</InvoiceDate>
                        <Description>t</Description>
                    </SourceDocumentID>
                    <CreditAmount>32250.00</CreditAmount>
                </Line>
                <DocumentTotals>
                    <TaxPayable>0.00</TaxPayable>
                    <NetTotal>0.00</NetTotal>
                    <GrossTotal>0.00</GrossTotal>
                </DocumentTotals>
                <WithholdingTax>
                    <WithholdingTaxType>IRT</WithholdingTaxType>
                    <WithholdingTaxDescription>Aplicação da Retenção</WithholdingTaxDescription>
                    <WithholdingTaxAmount>0.00</WithholdingTaxAmount>
                </WithholdingTax>
            </Payment>
        </Payments>
    </SourceDocuments>
</AuditFile>